CV,Effect
1,-0.00582666223218614
2,-0.00636292715204219
3,0.00556440052034136
4,0.00937463508883195
