CV,Effect
1,-0.00106673482809674
2,0.000915201047165306
3,0.00641339295140427
4,0.0123775639915773
